V1,V2,V3
joias_e_relogios,2,Bulova
joias_e_relogios,3,Casio
joias_e_relogios,4,Champion
joias_e_relogios,5,Chilli Beans
joias_e_relogios,6,Citizen
joias_e_relogios,7,Condor
joias_e_relogios,8,Diesel
joias_e_relogios,9,Dior
joias_e_relogios,10,Dolce & Gabbana
joias_e_relogios,11,Dumont
joias_e_relogios,12,Emporio Armani
joias_e_relogios,13,Gucci
joias_e_relogios,14,Guess
joias_e_relogios,15,H.Stern
joias_e_relogios,16,Hugo Boss
joias_e_relogios,17,Invicta
joias_e_relogios,18,Lacoste
joias_e_relogios,19,Lince
joias_e_relogios,20,Magnum
joias_e_relogios,21,Marc Jacobs
joias_e_relogios,22,Mondaine
joias_e_relogios,23,Mormaii
joias_e_relogios,24,Nike
joias_e_relogios,25,Omega
joias_e_relogios,26,Orient
joias_e_relogios,27,Pandora
joias_e_relogios,28,Puma
joias_e_relogios,29,Rolex
joias_e_relogios,30,Rommanel
joias_e_relogios,31,Scuderia Ferrari 
joias_e_relogios,32,Seculus
joias_e_relogios,33,Seiko
joias_e_relogios,34,Speedo
joias_e_relogios,35,Swatch
joias_e_relogios,36,Tag Heuer
joias_e_relogios,37,Technos
joias_e_relogios,38,Tommy Hilfiger
joias_e_relogios,-2,Outro 1
joias_e_relogios,-3,Outro 2
joias_e_relogios,-4,Outro 3
joias_e_relogios,-5,Outro 4
joias_e_relogios,-6,Outro 5
joias_e_relogios,-1,NS/NO
oticas,1,Ampla Visão
oticas,2,Avvistare
oticas,3,Beto Ótica
oticas,4,Casa Lux Ótica
oticas,5,Fototica
oticas,6,New Ótica
oticas,7,Ocularium
oticas,8,Oculum
oticas,9,Ótica Focal
oticas,10,Ótica Igarassu
oticas,11,Ótica Visão
oticas,12,Óticas Carol
oticas,13,Óticas Diniz
oticas,14,Óticas Focus
oticas,-2,Outra
oticas,-3,Outro 2
oticas,-4,Outro 3
oticas,-5,Outro 4
oticas,-6,Outro 5
oticas,-1,NS/NO
arroz,1,Blue Ville
arroz,2,Bom na Mesa
arroz,3,Bom no Prato
arroz,4,Bom Preço
arroz,5,Caldo Bom
arroz,6,Camil
arroz,7,Cristal
arroz,8,Dellarroz
arroz,9,Emoções
arroz,10,Great Value
arroz,11,Mariano
arroz,12,Meu Biju
arroz,13,Namorado
arroz,14,POP
arroz,15,Primor
arroz,16,Qualitá
arroz,17,Saman
arroz,18,Tio João
arroz,19,Tio Jorge
arroz,20,Urbano
arroz,21,Yoki (Mais Vita)
arroz,22,Zaeli
arroz,-2,Outra
arroz,-3,Outro 2
arroz,-4,Outro 3
arroz,-5,Outro 4
arroz,-6,Outro 5
arroz,-1,NS/NO
biscoito_doce,1,Adria
biscoito_doce,2,Bauducco
biscoito_doce,3,BelaVista
biscoito_doce,4,Bompreço
biscoito_doce,32,Bono
biscoito_doce,39,Capricche
biscoito_doce,30,Chocoresco
biscoito_doce,38,Classic
biscoito_doce,5,Confiança
biscoito_doce,6,Estrela
biscoito_doce,7,Fortaleza
biscoito_doce,8,Garoto
biscoito_doce,9,Isabela
biscoito_doce,10,Kinitos
biscoito_doce,11,Mabel
biscoito_doce,12,Marilan
biscoito_doce,13,Mirabel
biscoito_doce,33,Negresco
biscoito_doce,37,Nescau
biscoito_doce,34,Nesfit
biscoito_doce,14,Nestlé
biscoito_doce,15,Oreo (Mondelez)
biscoito_doce,31,Passatempo
biscoito_doce,16,Pilar
biscoito_doce,17,Piraquê
biscoito_doce,36,Prestígio
biscoito_doce,18,Qualitá
biscoito_doce,19,Richester
biscoito_doce,20,São Braz
biscoito_doce,21,Toddy
biscoito_doce,22,Tortuguita
biscoito_doce,35,Tostines
biscoito_doce,23,Trakinas
biscoito_doce,40,Treloso
biscoito_doce,24,Triunfo
biscoito_doce,25,Visconti
biscoito_doce,26,Vitamassa
biscoito_doce,27,Vitarella
biscoito_doce,-2,Outra
biscoito_doce,-3,Outro 2
biscoito_doce,-4,Outro 3
biscoito_doce,-5,Outro 4
biscoito_doce,-6,Outro 5
biscoito_doce,-1,NS/NO
bolacha_cream_cracker,1,Bauducco
bolacha_cream_cracker,2,Capricche
bolacha_cream_cracker,3,Estrela
bolacha_cream_cracker,4,Fortaleza
bolacha_cream_cracker,5,Mabel
bolacha_cream_cracker,6,Marilan
bolacha_cream_cracker,7,Nestlé
bolacha_cream_cracker,8,Parati
bolacha_cream_cracker,9,Pilar
bolacha_cream_cracker,10,Piraquê
bolacha_cream_cracker,11,Qualitá
bolacha_cream_cracker,12,Richester
bolacha_cream_cracker,13,Triunfo
bolacha_cream_cracker,14,Vitamassa
bolacha_cream_cracker,15,Vitarella
bolacha_cream_cracker,-2,Outra
bolacha_cream_cracker,-3,Outro 2
bolacha_cream_cracker,-4,Outro 3
bolacha_cream_cracker,-5,Outro 4
bolacha_cream_cracker,-6,Outro 5
bolacha_cream_cracker,-1,NS/NO
extrato_de_tomate,1,Arisco
extrato_de_tomate,2,Bonare
extrato_de_tomate,3,Bunge
extrato_de_tomate,4,Carrefour
extrato_de_tomate,5,Cepera
extrato_de_tomate,6,Dajuda
extrato_de_tomate,7,Ekonomico
extrato_de_tomate,8,Etti
extrato_de_tomate,9,Fugini
extrato_de_tomate,10,Great Value
extrato_de_tomate,11,Heinz
extrato_de_tomate,12,Hemmer
extrato_de_tomate,13,Jurema
extrato_de_tomate,14,Knnor (Elefante)
extrato_de_tomate,15,Oderich
extrato_de_tomate,16,Olé
extrato_de_tomate,17,Palmeiron
extrato_de_tomate,18,Pomarola
extrato_de_tomate,19,Pramesa
extrato_de_tomate,20,Predilecta
extrato_de_tomate,21,Primor
extrato_de_tomate,22,Quero
extrato_de_tomate,23,Salsaretti
extrato_de_tomate,24,Tambaú
extrato_de_tomate,25,Tomatino
extrato_de_tomate,26,Vianeza
extrato_de_tomate,-2,Outra
extrato_de_tomate,-3,Outro 2
extrato_de_tomate,-4,Outro 3
extrato_de_tomate,-5,Outro 4
extrato_de_tomate,-6,Outro 5
extrato_de_tomate,-1,NS/NO
farinha_de_milho,1,Bomilho
farinha_de_milho,2,Bonomilho
farinha_de_milho,3,Coringá
farinha_de_milho,4,Do Zé
farinha_de_milho,5,Dona Clara
farinha_de_milho,6,Hikari
farinha_de_milho,7,Maratá
farinha_de_milho,8,Nordestino
farinha_de_milho,9,Novo Milho (São Braz)
farinha_de_milho,10,Nutrivita
farinha_de_milho,11,Qualitá
farinha_de_milho,12,Sinhá Flocão
farinha_de_milho,13,Vitaflocos
farinha_de_milho,14,Vitamilho
farinha_de_milho,15,Vitória
farinha_de_milho,16,Xodómilho
farinha_de_milho,17,Yoki
farinha_de_milho,-2,Outra
farinha_de_milho,-3,Outro 2
farinha_de_milho,-4,Outro 3
farinha_de_milho,-5,Outro 4
farinha_de_milho,-6,Outro 5
farinha_de_milho,-1,NS/NO
feijao,1,Bom Preço
feijao,2,Caldobom
feijao,3,Camil
feijao,4,Da Casa
feijao,6,Great Value
feijao,7,Kero Kero
feijao,8,Kicaldo
feijao,9,Kifeijão
feijao,10,Ligeirinho
feijao,11,Meu Biju
feijao,12,Namorado
feijao,25,Pai Heleno
feijao,13,POP
feijao,14,Qualitá
feijao,15,Quero
feijao,16,Solito
feijao,17,Super Máximo
feijao,18,Tio Jorge
feijao,19,Turquesa
feijao,20,Urbano
feijao,21,Yoki (Mais Vita)
feijao,22,Zaeli
feijao,-2,Outra
feijao,-3,Outro 2
feijao,-4,Outro 3
feijao,-5,Outro 4
feijao,-6,Outro 5
feijao,-1,NS/NO
iogurte,1,Batavo
iogurte,2,Betânia
iogurte,3,Confepar
iogurte,4,Danone
iogurte,5,Isis
iogurte,6,Itambé
iogurte,7,Lebom
iogurte,8,Nestlé
iogurte,9,Paulista
iogurte,10,Qualitá
iogurte,11,Rosana
iogurte,12,Valedourado
iogurte,13,Vigor
iogurte,-2,Outra
iogurte,-3,Outro 2
iogurte,-4,Outro 3
iogurte,-5,Outro 4
iogurte,-6,Outro 5
iogurte,-1,NS/NO
leite,1,Aurora
leite,2,Batavo
leite,3,Camponesa
leite,4,CCGL
leite,6,Danone
leite,7,Elegê
leite,8,Glória
leite,9,Italac
leite,10,Itambé
leite,11,La Serenissina
leite,12,Leitissímo
leite,13,Nestlé
leite,21,Ninho
leite,14,Parmalat
leite,15,Piracacanjuba
leite,16,Qualitá
leite,17,Quatá
leite,18,Regina
leite,19,Sabe
leite,20,Valedourado
leite,-2,Outra
leite,-3,Outro 2
leite,-4,Outro 3
leite,-5,Outro 4
leite,-6,Outro 5
leite,-1,NS/NO
macarrao,1,Adria
macarrao,2,Amália
macarrao,3,Barilla
macarrao,4,Blue Ville
macarrao,5,Brandini
macarrao,6,Casarão
macarrao,7,De cecco
macarrao,8,Dona Benta
macarrao,9,Ekonomico
macarrao,10,Favorita
macarrao,11,Fortaleza
macarrao,12,Galo
macarrao,13,Mãe Terra
macarrao,14,Nissin
macarrao,15,Paganini
macarrao,16,Parati
macarrao,17,Petybon
macarrao,18,Pilar
macarrao,19,Piraquê
macarrao,20,Qualitá
macarrao,21,Renata
macarrao,22,Urbano
macarrao,23,Vitamassa
macarrao,24,Vitarella
macarrao,-2,Outra
macarrao,-3,Outro 2
macarrao,-4,Outro 3
macarrao,-5,Outro 4
macarrao,-6,Outro 5
macarrao,-1,NS/NO
queijo,1,Boa Vista
queijo,2,Bom Leite
queijo,3,Bompreço
queijo,4,Bonavida
queijo,5,Da Vaca
queijo,6,Great Value
queijo,7,Natural da Vaca
queijo,8,Parlak
queijo,9,Pernambuco
queijo,10,Piracacanjuba
queijo,11,Polenghi
queijo,12,Quatá
queijo,13,Regina
queijo,14,Sadia
queijo,15,Tirolez
queijo,-2,Outra
queijo,-3,Outro 2
queijo,-4,Outro 3
queijo,-5,Outro 4
queijo,-6,Outro 5
queijo,-1,NS/NO
vinagre,1,Azedinho
vinagre,2,Castelo
vinagre,3,Figueira
vinagre,4,Galo
vinagre,5,Globo
vinagre,6,Maratá
vinagre,7,Minhoto
vinagre,8,Molhito
vinagre,9,Muriongo
vinagre,10,Qualitá
vinagre,11,Rosana
vinagre,12,Sadio
vinagre,-2,Outra
vinagre,-3,Outro 2
vinagre,-4,Outro 3
vinagre,-5,Outro 4
vinagre,-6,Outro 5
vinagre,-1,NS/NO
bateria_para_automoveis,1,AC Delcon
bateria_para_automoveis,2,Ajax
bateria_para_automoveis,3,Bosch
bateria_para_automoveis,4,Cral
bateria_para_automoveis,5,Delphi (Delfi ou Delfai)
bateria_para_automoveis,6,Duran
bateria_para_automoveis,7,Durex
bateria_para_automoveis,8,Freeway
bateria_para_automoveis,9,Heliar
bateria_para_automoveis,10,Júpiter
bateria_para_automoveis,11,Moura
bateria_para_automoveis,12,Reifor
bateria_para_automoveis,13,Tudor
bateria_para_automoveis,14,Zetta
bateria_para_automoveis,-2,Outra
bateria_para_automoveis,-3,Outro 2
bateria_para_automoveis,-4,Outro 3
bateria_para_automoveis,-5,Outro 4
bateria_para_automoveis,-6,Outro 5
bateria_para_automoveis,-1,NS/NO
fabrica_de_automoveis,1,Audi
fabrica_de_automoveis,2,Chevrolet
fabrica_de_automoveis,3,Citroen
fabrica_de_automoveis,4,Fiat
fabrica_de_automoveis,5,Ford
fabrica_de_automoveis,6,Honda
fabrica_de_automoveis,7,Hyundai
fabrica_de_automoveis,8,Jeep
fabrica_de_automoveis,9,KIA
fabrica_de_automoveis,10,Nissan
fabrica_de_automoveis,11,Peugeot
fabrica_de_automoveis,12,Renault
fabrica_de_automoveis,13,Toyota
fabrica_de_automoveis,14,Volkswagen
fabrica_de_automoveis,-2,Outra
fabrica_de_automoveis,-3,Outro 2
fabrica_de_automoveis,-4,Outro 3
fabrica_de_automoveis,-5,Outro 4
fabrica_de_automoveis,-6,Outro 5
fabrica_de_automoveis,-1,NS/NO
revendedora_da_fiat,1,Fiori
revendedora_da_fiat,2,Italiana
revendedora_da_fiat,3,Pra Fiat
revendedora_da_fiat,4,Via Sul
revendedora_da_fiat,-2,Outra
revendedora_da_fiat,-3,Outro 2
revendedora_da_fiat,-4,Outro 3
revendedora_da_fiat,-5,Outro 4
revendedora_da_fiat,-6,Outro 5
revendedora_da_fiat,-1,NS/NO
revendedora_da_ford,1,América Veículos
revendedora_da_ford,2,Granvia
revendedora_da_ford,-2,Outra
revendedora_da_ford,-3,Outro 2
revendedora_da_ford,-4,Outro 3
revendedora_da_ford,-5,Outro 4
revendedora_da_ford,-6,Outro 5
revendedora_da_ford,-1,NS/NO
revendedora_gm,1,Autonunes
revendedora_gm,2,Caxangá Veículos
revendedora_gm,3,Dafonte
revendedora_gm,4,Pedragon
revendedora_gm,-2,Outra
revendedora_gm,-3,Outro 2
revendedora_gm,-4,Outro 3
revendedora_gm,-5,Outro 4
revendedora_gm,-6,Outro 5
revendedora_gm,-1,NS/NO
revendedora_jeep,1,Concessionária Jeep Fiori
revendedora_jeep,2,Concessionária Jeep Sael
revendedora_jeep,3,Concessionária Jeep Via Sul
revendedora_jeep,4,Jeep Agmenon
revendedora_jeep,-2,Outra
revendedora_jeep,-3,Outro 2
revendedora_jeep,-4,Outro 3
revendedora_jeep,-5,Outro 4
revendedora_jeep,-6,Outro 5
revendedora_jeep,-1,NS/NO
revendedora_da_volkswagen,1,Bremen
revendedora_da_volkswagen,2,Disnove
revendedora_da_volkswagen,3,Meira Lins
revendedora_da_volkswagen,-2,Outra
revendedora_da_volkswagen,-3,Outro 2
revendedora_da_volkswagen,-4,Outro 3
revendedora_da_volkswagen,-5,Outro 4
revendedora_da_volkswagen,-6,Outro 5
revendedora_da_volkswagen,-1,NS/NO
agua_mineral,1,Bonafont
agua_mineral,2,Costa Azul
agua_mineral,3,Cristalina
agua_mineral,4,Cristalins
agua_mineral,5,Crystal
agua_mineral,6,Diamante Azul
agua_mineral,7,Estrela
agua_mineral,8,Indaiá
agua_mineral,9,Ingá
agua_mineral,10,Lourenço
agua_mineral,11,Milagre
agua_mineral,12,Nestlé
agua_mineral,13,Pedra Azul
agua_mineral,14,Prata do Vale
agua_mineral,15,Santa Clara
agua_mineral,16,Santa Joana
agua_mineral,17,Schin
agua_mineral,20,Serra Branca
agua_mineral,18,Terra Santa
agua_mineral,-2,Outra
agua_mineral,-3,Outro 2
agua_mineral,-4,Outro 3
agua_mineral,-5,Outro 4
agua_mineral,-6,Outro 5
agua_mineral,-1,NS/NO
aguardente,1,Carnaval
aguardente,2,Cavalheria
aguardente,3,Leblon
aguardente,4,Pirassununga / 51
aguardente,5,Pitú
aguardente,6,Rainha (PB)
aguardente,7,Sagatiba
aguardente,8,Seleta
aguardente,9,Tabúa
aguardente,10,Vale Verde
aguardente,11,Velho Barreiro
aguardente,12,Ypióca
aguardente,-2,Outra
aguardente,-3,Outro 2
aguardente,-4,Outro 3
aguardente,-5,Outro 4
aguardente,-6,Outro 5
aguardente,-1,NS/NO
cafe,1,Bom Jesus
cafe,2,Caboclo
cafe,3,Café Brasileiro
cafe,4,Café do Ponto
cafe,5,Café Petinho
cafe,6,Damasco
cafe,7,Dona Clara
cafe,8,Maratá
cafe,9,Maringá
cafe,10,Melitta
cafe,11,Nescafé (Nestlé)
cafe,12,Pilão
cafe,13,Pretinho
cafe,14,Qualitá
cafe,15,Santa Clara
cafe,16,São Braz
cafe,17,Três Corações
cafe,-2,Outra
cafe,-3,Outro 2
cafe,-4,Outro 3
cafe,-5,Outro 4
cafe,-6,Outro 5
cafe,-1,NS/NO
cerveja,1,Antártica
cerveja,2,Bavaria
cerveja,3,Belco
cerveja,4,Bohemia
cerveja,5,Brahma
cerveja,6,Budweiser
cerveja,7,Caracu
cerveja,8,Corona
cerveja,9,Devassa
cerveja,10,Duvel
cerveja,11,Eisenbahn
cerveja,12,Heineken
cerveja,13,Itaipava
cerveja,14,Kaiser
cerveja,15,Proibida
cerveja,16,Schin
cerveja,17,Skol
cerveja,18,Sol
cerveja,19,Stella Artois
cerveja,-2,Outra
cerveja,-3,Outro 2
cerveja,-4,Outro 3
cerveja,-5,Outro 4
cerveja,-6,Outro 5
cerveja,-1,NS/NO
cervejas_artesanais,1,6 Punhos
cervejas_artesanais,2,Armorial
cervejas_artesanais,3,Babylon
cervejas_artesanais,4,Capunga
cervejas_artesanais,5,Carraca
cervejas_artesanais,6,DeBron
cervejas_artesanais,7,Duvália 
cervejas_artesanais,8,Ekaüt
cervejas_artesanais,9,Estrada
cervejas_artesanais,10,Gluck
cervejas_artesanais,11,Miraculosa
cervejas_artesanais,12,Patt lou
cervejas_artesanais,13,Pernambucana / Cibrew
cervejas_artesanais,14,Turvalina
cervejas_artesanais,-2,Outra
cervejas_artesanais,-3,Outro 2
cervejas_artesanais,-4,Outro 3
cervejas_artesanais,-5,Outro 4
cervejas_artesanais,-6,Outro 5
cervejas_artesanais,-1,NS/NO
refrigerante,1,Coca-Cola
refrigerante,2,Fanta
refrigerante,3,Frevo
refrigerante,4,Guaraná Antarctica
refrigerante,5,Kuat
refrigerante,6,Pepsi
refrigerante,7,Refri (Indaiá)
refrigerante,8,Soda
refrigerante,9,Sprite
refrigerante,10,Sukita
refrigerante,-2,Outra
refrigerante,-3,Outro 2
refrigerante,-4,Outro 3
refrigerante,-5,Outro 4
refrigerante,-6,Outro 5
refrigerante,-1,NS/NO
rum,1,Bacardi
rum,2,Bundaberg
rum,3,Cacique
rum,4,Havana Club
rum,5,Montilla
rum,6,Rum porto Velho
rum,7,Saint James
rum,8,Tanduay
rum,-2,Outra
rum,-3,Outro 2
rum,-4,Outro 3
rum,-5,Outro 4
rum,-6,Outro 5
rum,-1,NS/NO
uisque,1,Ballantines
uisque,2,Chivas Regal
uisque,3,Early Times
uisque,4,Gran Par
uisque,5,Grant's
uisque,6,Jack Daniel's
uisque,7,Jameson
uisque,8,Johnnie Walker
uisque,9,MC Dowell’s
uisque,10,Old Parr
uisque,11,Passport Scotch
uisque,12,Royal Label
uisque,13,Teacher's
uisque,14,The Dalmore
uisque,15,White Horse
uisque,16,Wild Turkey
uisque,17,William Lawson's
uisque,-2,Outra
uisque,-3,Outro 2
uisque,-4,Outro 3
uisque,-5,Outro 4
uisque,-6,Outro 5
uisque,-1,NS/NO
vinho_nacional,1,Aurora
vinho_nacional,11,Botticelli
vinho_nacional,2,Carreteiro
vinho_nacional,3,Do Frei
vinho_nacional,4,Dom Bosco
vinho_nacional,5,Marcus James
vinho_nacional,6,Miolo
vinho_nacional,7,Pérgola
vinho_nacional,8,Quinta do Morgado
vinho_nacional,9,Rio Sol
vinho_nacional,10,Santa Felicidade
vinho_nacional,-2,Outra
vinho_nacional,-3,Outro 2
vinho_nacional,-4,Outro 3
vinho_nacional,-5,Outro 4
vinho_nacional,-6,Outro 5
vinho_nacional,-1,NS/NO
cimento,1,Campeão
cimento,2,Cauê
cimento,3,Cimpor
cimento,4,Mizu
cimento,5,Nacional
cimento,6,Nassau
cimento,7,Poty
cimento,8,Supremo
cimento,9,Votoran
cimento,10,Zebu
cimento,-2,Outra
cimento,-3,Outro 2
cimento,-4,Outro 3
cimento,-5,Outro 4
cimento,-6,Outro 5
cimento,-1,NS/NO
home_center,1,Armazém Coral/ Achaqui
home_center,2,Armazém Rochedo
home_center,3,Atacado da Construção
home_center,15,Atacado dos Presentes
home_center,4,Ferreira Costa
home_center,5,TendTudo
home_center,6,Tupan
home_center,-2,Outra
home_center,-3,Outro 2
home_center,-4,Outro 3
home_center,-5,Outro 4
home_center,-6,Outro 5
home_center,-1,NS/NO
loja_de_materiais_de_construcao,1,Armazém Coral/ Achaqui
loja_de_materiais_de_construcao,2,Atacado da Construção
loja_de_materiais_de_construcao,3,Canal da Construção
loja_de_materiais_de_construcao,4,Comercial Batista
loja_de_materiais_de_construcao,5,Ferreira Costa
loja_de_materiais_de_construcao,6,Ferreira Pinto
loja_de_materiais_de_construcao,7,TendTudo
loja_de_materiais_de_construcao,8,Tupan
loja_de_materiais_de_construcao,-2,Outra
loja_de_materiais_de_construcao,-3,Outro 2
loja_de_materiais_de_construcao,-4,Outro 3
loja_de_materiais_de_construcao,-5,Outro 4
loja_de_materiais_de_construcao,-6,Outro 5
loja_de_materiais_de_construcao,-1,NS/NO
tinta,1,Coral
tinta,2,Dacar
tinta,3,Eucatex
tinta,4,Hidracor
tinta,5,Iquine
tinta,6,Kivinil
tinta,7,Lukscolor
tinta,8,Luxens
tinta,9,Renner
tinta,10,Sherwin-Williams
tinta,11,Suvinil
tinta,12,Titan
tinta,13,Usacolor
tinta,14,Ypiranga
tinta,-2,Outra
tinta,-3,Outro 2
tinta,-4,Outro 3
tinta,-5,Outro 4
tinta,-6,Outro 5
tinta,-1,NS/NO
colegio_particular,1,Americano Batista
colegio_particular,2,Colégio Boa Viagem
colegio_particular,3,Colégio Carneiro Leão
colegio_particular,4,Colégio DOM
colegio_particular,5,Colégio Equipe
colegio_particular,6,Colégio Ideia
colegio_particular,7,Colégio Marista São Luís
colegio_particular,8,Colégio Menino de Jesus
colegio_particular,17,Colégio Salesiano
colegio_particular,9,Colégio Santa Maria
colegio_particular,10,Colégio São Bento
colegio_particular,11,Colégio Souza Leão
colegio_particular,12,Colégio Visão
colegio_particular,13,Damas
colegio_particular,14,Escola Adventista do Recife
colegio_particular,15,GGE
colegio_particular,16,Madre de Deus
colegio_particular,-2,Outra
colegio_particular,-3,Outro 2
colegio_particular,-4,Outro 3
colegio_particular,-5,Outro 4
colegio_particular,-6,Outro 5
colegio_particular,-1,NS/NO
instituicao_de_ensino_superior_privada,1,Aeso
instituicao_de_ensino_superior_privada,2,ESUDA
instituicao_de_ensino_superior_privada,3,Facho
instituicao_de_ensino_superior_privada,4,Faculdade Boa Viagem
instituicao_de_ensino_superior_privada,5,Faculdade Damas
instituicao_de_ensino_superior_privada,6,Faculdade Guararapes
instituicao_de_ensino_superior_privada,7,Faculdade Marista
instituicao_de_ensino_superior_privada,8,Faculdade Nova Roma
instituicao_de_ensino_superior_privada,9,Faculdade Santa Helena
instituicao_de_ensino_superior_privada,10,Fafire
instituicao_de_ensino_superior_privada,11,FOCCA
instituicao_de_ensino_superior_privada,12,IESO
instituicao_de_ensino_superior_privada,13,IPESU
instituicao_de_ensino_superior_privada,14,Joaquim Nabuco
instituicao_de_ensino_superior_privada,15,Maurício de Nassau
instituicao_de_ensino_superior_privada,16,Santa Helena
instituicao_de_ensino_superior_privada,17,Unicap
instituicao_de_ensino_superior_privada,18,Universo
instituicao_de_ensino_superior_privada,19,UVA
instituicao_de_ensino_superior_privada,-2,Outra
instituicao_de_ensino_superior_privada,-3,Outro 2
instituicao_de_ensino_superior_privada,-4,Outro 3
instituicao_de_ensino_superior_privada,-5,Outro 4
instituicao_de_ensino_superior_privada,-6,Outro 5
instituicao_de_ensino_superior_privada,-1,NS/NO
construtoras,1,AWM Engenharia
construtoras,2,Carajás LTDA
construtoras,3,Carrilho
construtoras,4,Casa Grande Engenharia
construtoras,5,Conlar
construtoras,6,Construtora Dallas
construtoras,7,Duarte Construções
construtoras,8,Gabriel Bacelar
construtoras,9,Moura Dubeaux
construtoras,10,MRV Engenharia
construtoras,11,Pernambuco Construtora
construtoras,12,Queiroz Galvão
construtoras,13,Rio Ave
construtoras,-2,Outra
construtoras,-3,Outro 2
construtoras,-4,Outro 3
construtoras,-5,Outro 4
construtoras,-6,Outro 5
construtoras,-1,NS/NO
imobiliarias,1,Âncora Imobiliária
imobiliarias,2,Arrecifes
imobiliarias,3,Ativa Negócios Imobiliários
imobiliarias,4,Avellar Imóveis
imobiliarias,5,CTI Imobiliária
imobiliarias,6,Eduardo Feitosa
imobiliarias,7,Jairo Rocha
imobiliarias,8,MG Imobiliária
imobiliarias,9,Moradasol
imobiliarias,10,Newville Imóveis
imobiliarias,11,Paulo Miranda
imobiliarias,12,Rocha Imóveis
imobiliarias,13,Sérgio Miranda
imobiliarias,-2,Outra
imobiliarias,-3,Outro 2
imobiliarias,-4,Outro 3
imobiliarias,-5,Outro 4
imobiliarias,-6,Outro 5
imobiliarias,-1,NS/NO
companhias_aereas,1,Avianca
companhias_aereas,2,Azul
companhias_aereas,3,Brava
companhias_aereas,4,GOL
companhias_aereas,7,Latam/ Tam
companhias_aereas,5,MAP
companhias_aereas,6,Passaredo
companhias_aereas,8,Trip
companhias_aereas,-2,Outra
companhias_aereas,-3,Outro 2
companhias_aereas,-4,Outro 3
companhias_aereas,-5,Outro 4
companhias_aereas,-6,Outro 5
companhias_aereas,-1,NS/NO
agua_sanitaria,1,Bem-Te-Vi
agua_sanitaria,2,Brilhante
agua_sanitaria,3,Brilux
agua_sanitaria,4,Dragão
agua_sanitaria,5,Igual
agua_sanitaria,6,Olimpo
agua_sanitaria,7,Qboa
agua_sanitaria,8,Qualitá
agua_sanitaria,9,Suprema
agua_sanitaria,10,Tubarão
agua_sanitaria,11,Ypê
agua_sanitaria,-2,Outra
agua_sanitaria,-3,Outro 2
agua_sanitaria,-4,Outro 3
agua_sanitaria,-5,Outro 4
agua_sanitaria,-6,Outro 5
agua_sanitaria,-1,NS/NO
alcool,1,Brilux
alcool,2,Cocamar
alcool,3,Coperalcool
alcool,4,Da ilha
alcool,5,Itajá
alcool,6,Mega
alcool,7,Nobre
alcool,8,Santa Cruz
alcool,9,Tri-D
alcool,10,Tubarão
alcool,11,Tupi
alcool,-2,Outra
alcool,-3,Outro 2
alcool,-4,Outro 3
alcool,-5,Outro 4
alcool,-6,Outro 5
alcool,-1,NS/NO
detergente_liquido,1,Atol
detergente_liquido,2,Barra
detergente_liquido,3,Brilux
detergente_liquido,4,Flota
detergente_liquido,5,Great Value
detergente_liquido,6,Guarani
detergente_liquido,7,Invicto
detergente_liquido,8,Limpol
detergente_liquido,9,Minuano
detergente_liquido,10,Qualitá
detergente_liquido,11,Suprema
detergente_liquido,12,Veja
detergente_liquido,13,Ypê
detergente_liquido,-2,Outra
detergente_liquido,-3,Outro 2
detergente_liquido,-4,Outro 3
detergente_liquido,-5,Outro 4
detergente_liquido,-6,Outro 5
detergente_liquido,-1,NS/NO
sabao_em_barra,1,Ace
sabao_em_barra,2,Ala
sabao_em_barra,3,Barra
sabao_em_barra,4,Bem-Te-Vi
sabao_em_barra,5,Bio Brilho
sabao_em_barra,6,Brilhante
sabao_em_barra,7,Guaíra
sabao_em_barra,8,Guarani
sabao_em_barra,9,Lavarte
sabao_em_barra,10,Limpol
sabao_em_barra,11,Minuano
sabao_em_barra,12,Mon Bijou
sabao_em_barra,13,Urca
sabao_em_barra,14,Vanish
sabao_em_barra,15,Ypê
sabao_em_barra,16,Zupp
sabao_em_barra,-2,Outra
sabao_em_barra,-3,Outro 2
sabao_em_barra,-4,Outro 3
sabao_em_barra,-5,Outro 4
sabao_em_barra,-6,Outro 5
sabao_em_barra,-1,NS/NO
sabao_em_po,1,Ala
sabao_em_po,2,Ariel
sabao_em_po,3,Assim Flash
sabao_em_po,4,Atol
sabao_em_po,5,Barra
sabao_em_po,6,Bem-Te-Vi
sabao_em_po,7,Bompreço
sabao_em_po,8,Brilhante
sabao_em_po,9,Brilux
sabao_em_po,10,Minerva
sabao_em_po,11,Minuano
sabao_em_po,12,Mon Bijou
sabao_em_po,13,Omo
sabao_em_po,14,Roma
sabao_em_po,15,Surf
sabao_em_po,16,Tixan Ypê
sabao_em_po,17,Ultra Class
sabao_em_po,18,Vanish
sabao_em_po,-2,Outra
sabao_em_po,-3,Outro 2
sabao_em_po,-4,Outro 3
sabao_em_po,-5,Outro 4
sabao_em_po,-6,Outro 5
sabao_em_po,-1,NS/NO
raio_x,1,A+
raio_x,2,Boris Berenstein
raio_x,3,Derbimagem
raio_x,4,Diagmax
raio_x,5,Face Imagem
raio_x,6,Maximagem
raio_x,7,Multimagem
raio_x,8,Real Imagem (Hospital Português)
raio_x,9,Top Diagnóstico de Imagem
raio_x,10,Vida & Imagem (HapVida)
raio_x,-2,Outra
raio_x,-3,Outro 2
raio_x,-4,Outro 3
raio_x,-5,Outro 4
raio_x,-6,Outro 5
raio_x,-1,NS/NO
hospital_particular,1,Albert Sabin
hospital_particular,2,D`Ávila
hospital_particular,3,Esperança
hospital_particular,4,Hope
hospital_particular,5,Hospital do Capibaribe
hospital_particular,6,Hospital do Espinheiro
hospital_particular,7,Ilha do Leite
hospital_particular,8,Jayme da Fonte
hospital_particular,9,Memorial São José
hospital_particular,10,Português
hospital_particular,11,Santa Joana
hospital_particular,12,São Marcos
hospital_particular,13,Unicordis
hospital_particular,14,Unimed Recife
hospital_particular,15,Vasco Lucena
hospital_particular,-2,Outra
hospital_particular,-3,Outro 2
hospital_particular,-4,Outro 3
hospital_particular,-5,Outro 4
hospital_particular,-6,Outro 5
hospital_particular,-1,NS/NO
laboratorio_de_analises_clinicas,1,A+
laboratorio_de_analises_clinicas,3,Cerpe
laboratorio_de_analises_clinicas,4,CIAC
laboratorio_de_analises_clinicas,5,Gilson Cidrin
laboratorio_de_analises_clinicas,6,LAC Laboratório
laboratorio_de_analises_clinicas,7,Marcelo Magalhães
laboratorio_de_analises_clinicas,8,Vida & Imagem (HapVida)
laboratorio_de_analises_clinicas,-2,Outra
laboratorio_de_analises_clinicas,-3,Outro 2
laboratorio_de_analises_clinicas,-4,Outro 3
laboratorio_de_analises_clinicas,-5,Outro 4
laboratorio_de_analises_clinicas,-6,Outro 5
laboratorio_de_analises_clinicas,-1,NS/NO
plano_de_saude,1,Amil
plano_de_saude,2,Bradesco
plano_de_saude,3,Cassi
plano_de_saude,4,Fachesf
plano_de_saude,5,HapVida
plano_de_saude,6,SulAmérica
plano_de_saude,7,UniLife
plano_de_saude,8,Unimed Recife
plano_de_saude,-2,Outra
plano_de_saude,-3,Outro 2
plano_de_saude,-4,Outro 3
plano_de_saude,-5,Outro 4
plano_de_saude,-6,Outro 5
plano_de_saude,-1,NS/NO
bares_restaurantes_e_pizzarias,1,Bode do Nô
bares_restaurantes_e_pizzarias,2,Boi e Brasa
bares_restaurantes_e_pizzarias,3,Boi Preto
bares_restaurantes_e_pizzarias,4,Bonaparte
bares_restaurantes_e_pizzarias,5,Carcará
bares_restaurantes_e_pizzarias,6,Domino`s Pizzaria
bares_restaurantes_e_pizzarias,7,Entre Amigos
bares_restaurantes_e_pizzarias,8,Escalante`s
bares_restaurantes_e_pizzarias,9,Habbib`s
bares_restaurantes_e_pizzarias,10,Le Fondue Unique
bares_restaurantes_e_pizzarias,11,Macunaíma
bares_restaurantes_e_pizzarias,12,Marinhu`s
bares_restaurantes_e_pizzarias,13,Nirai Cozinha Oriental
bares_restaurantes_e_pizzarias,14,OutBack
bares_restaurantes_e_pizzarias,15,Pizza Hut
bares_restaurantes_e_pizzarias,16,Pizzaria Atlântico
bares_restaurantes_e_pizzarias,29,Pizzaria do Gordo
bares_restaurantes_e_pizzarias,17,Ponteio
bares_restaurantes_e_pizzarias,28,Rock & Ribs Lounge
bares_restaurantes_e_pizzarias,18,Sal e Brasa
bares_restaurantes_e_pizzarias,19,Skillus
bares_restaurantes_e_pizzarias,20,Spettus
bares_restaurantes_e_pizzarias,21,Tha Black Angus
bares_restaurantes_e_pizzarias,22,Zen
bares_restaurantes_e_pizzarias,-2,Outra
bares_restaurantes_e_pizzarias,-3,Outro 2
bares_restaurantes_e_pizzarias,-4,Outro 3
bares_restaurantes_e_pizzarias,-5,Outro 4
bares_restaurantes_e_pizzarias,-6,Outro 5
bares_restaurantes_e_pizzarias,-1,NS/NO
delicatessen,1,Carmem
delicatessen,2,Casa dos Frios
delicatessen,3,Delicatessen Nova Torre
delicatessen,4,Diplomata
delicatessen,5,Glorinha Delicatessen
delicatessen,6,Massa Nobre
delicatessen,7,Miramar
delicatessen,8,Mutti Delicatessen
delicatessen,9,Padaria Triunfo Gourmet
delicatessen,10,Parla Derli
delicatessen,11,Planet Pão
delicatessen,12,Rainha da Várzea
delicatessen,13,Rosarinho
delicatessen,14,Sabor de Beijo
delicatessen,15,Torre Massas
delicatessen,-2,Outra
delicatessen,-3,Outro 2
delicatessen,-4,Outro 3
delicatessen,-5,Outro 4
delicatessen,-6,Outro 5
delicatessen,-1,NS/NO
lanchonetes,1,Aero Burguer
lanchonetes,2,Bob`s
lanchonetes,3,Bugaloo
lanchonetes,4,Burguer King
lanchonetes,5,Carlitos Burguer
lanchonetes,6,Come Come
lanchonetes,7,Gibi Lanches
lanchonetes,8,Giraffas
lanchonetes,9,Laça Burguer
lanchonetes,10,McDonalds
lanchonetes,11,Red Bake
lanchonetes,12,Saturday`s
lanchonetes,13,Subway
lanchonetes,-2,Outra
lanchonetes,-3,Outro 2
lanchonetes,-4,Outro 3
lanchonetes,-5,Outro 4
lanchonetes,-6,Outro 5
lanchonetes,-1,NS/NO
empresa_em_seguranca,1,BBC Vigilância
empresa_em_seguranca,2,Dínamo Vigilância
empresa_em_seguranca,3,Grupo SEG
empresa_em_seguranca,4,Preserve/Liserve
empresa_em_seguranca,5,Prosegur (Nordeste)
empresa_em_seguranca,6,Sena Segurança Inteligente
empresa_em_seguranca,7,TKS Segurança Privada
empresa_em_seguranca,-2,Outra
empresa_em_seguranca,-3,Outro 2
empresa_em_seguranca,-4,Outro 3
empresa_em_seguranca,-5,Outro 4
empresa_em_seguranca,-6,Outro 5
empresa_em_seguranca,-1,NS/NO
banco,1,Banco do Brasil
banco,2,Banco Real
banco,3,Bradesco
banco,4,CAIXA
banco,5,Citbank
banco,6,Itaú
banco,7,Santander
banco,-2,Outra
banco,-3,Outro 2
banco,-4,Outro 3
banco,-5,Outro 4
banco,-6,Outro 5
banco,-1,NS/NO
cartao_de_credito,1,American Express
cartao_de_credito,2,Credicard
cartao_de_credito,3,Diners
cartao_de_credito,4,Hipercard
cartao_de_credito,5,Mastercard
cartao_de_credito,6,Rede Shop
cartao_de_credito,7,Visa
cartao_de_credito,8,Visa Electron
cartao_de_credito,-2,Outra
cartao_de_credito,-3,Outro 2
cartao_de_credito,-4,Outro 3
cartao_de_credito,-5,Outro 4
cartao_de_credito,-6,Outro 5
cartao_de_credito,-1,NS/NO
seguradora,1,Allianz
seguradora,2,Bradesco
seguradora,3,HDI Seguros
seguradora,4,Itaú Seguros
seguradora,5,Liberty Seguros
seguradora,6,Mafre
seguradora,7,Marítima Seguros
seguradora,8,Porto Seguro
seguradora,9,SulAmérica
seguradora,-2,Outra
seguradora,-3,Outro 2
seguradora,-4,Outro 3
seguradora,-5,Outro 4
seguradora,-6,Outro 5
seguradora,-1,NS/NO
fornecedores_de_internet,6,BBC Tech
fornecedores_de_internet,1,Claro
fornecedores_de_internet,2,GVT Vivo
fornecedores_de_internet,3,HOTlink
fornecedores_de_internet,4,NET
fornecedores_de_internet,5,OI Velox
fornecedores_de_internet,-2,Outra
fornecedores_de_internet,-3,Outro 2
fornecedores_de_internet,-4,Outro 3
fornecedores_de_internet,-5,Outro 4
fornecedores_de_internet,-6,Outro 5
fornecedores_de_internet,-1,NS/NO
operadoras_de_celular,1,Claro
operadoras_de_celular,2,Nextel
operadoras_de_celular,3,OI
operadoras_de_celular,4,TIM
operadoras_de_celular,5,VIVO
operadoras_de_celular,-2,Outra
operadoras_de_celular,-3,Outro 2
operadoras_de_celular,-4,Outro 3
operadoras_de_celular,-5,Outro 4
operadoras_de_celular,-6,Outro 5
operadoras_de_celular,-1,NS/NO
operadoras_de_telefonia_fixa,1,Claro Fixo
operadoras_de_telefonia_fixa,2,GVT
operadoras_de_telefonia_fixa,3,OI Fixo
operadoras_de_telefonia_fixa,4,TIM
operadoras_de_telefonia_fixa,-2,Outra
operadoras_de_telefonia_fixa,-3,Outro 2
operadoras_de_telefonia_fixa,-4,Outro 3
operadoras_de_telefonia_fixa,-5,Outro 4
operadoras_de_telefonia_fixa,-6,Outro 5
operadoras_de_telefonia_fixa,-1,NS/NO
operadoras_de_tv_por_assinatura,1,Claro TV
operadoras_de_tv_por_assinatura,2,GVT
operadoras_de_tv_por_assinatura,3,NET
operadoras_de_tv_por_assinatura,4,Oi TV
operadoras_de_tv_por_assinatura,5,Sky
operadoras_de_tv_por_assinatura,-2,Outra
operadoras_de_tv_por_assinatura,-3,Outro 2
operadoras_de_tv_por_assinatura,-4,Outro 3
operadoras_de_tv_por_assinatura,-5,Outro 4
operadoras_de_tv_por_assinatura,-6,Outro 5
operadoras_de_tv_por_assinatura,-1,NS/NO
farmacia,2,Drogaria Bongi
farmacia,3,Drogaria Santa Maria
farmacia,4,Drogasil
farmacia,5,Farmácia Bompreço
farmacia,15,Farmácia do Trabalhador
farmacia,6,Farmácia dos Pobres
farmacia,7,Farmácia Globo
farmacia,13,Farmácia Menor Preço
farmacia,9,Farmácia Permanente
farmacia,10,Farmácia Pernambucanas
farmacia,11,Farmácia Tradição
farmacia,16,Farmácia Walmart
farmacia,12,Farmácias Independente
farmacia,14,Pague Menos
farmacia,-2,Outra
farmacia,-3,Outro 2
farmacia,-4,Outro 3
farmacia,-5,Outro 4
farmacia,-6,Outro 5
farmacia,-1,NS/NO
lojas_de_calcado,1,Andarella
lojas_de_calcado,2,Arezzo
lojas_de_calcado,3,Casa Pio
lojas_de_calcado,4,Centauro
lojas_de_calcado,5,Di Santinni
lojas_de_calcado,6,Dinni
lojas_de_calcado,7,Eggo`s
lojas_de_calcado,8,Esposende
lojas_de_calcado,9,Fascino
lojas_de_calcado,10,Figueiras Calçados
lojas_de_calcado,11,Hiper Calçados
lojas_de_calcado,12,Netshoes
lojas_de_calcado,13,Samello
lojas_de_calcado,14,Schutz
lojas_de_calcado,15,Sérgio`s
lojas_de_calcado,16,Zappataria
lojas_de_calcado,-2,Outra
lojas_de_calcado,-3,Outro 2
lojas_de_calcado,-4,Outro 3
lojas_de_calcado,-5,Outro 4
lojas_de_calcado,-6,Outro 5
lojas_de_calcado,-1,NS/NO
lojas_de_cama_mesa_e_banho,1,C&A
lojas_de_cama_mesa_e_banho,2,Casas José Araújo
lojas_de_cama_mesa_e_banho,3,Etna
lojas_de_cama_mesa_e_banho,4,Futurista
lojas_de_cama_mesa_e_banho,5,Jurandir Pires
lojas_de_cama_mesa_e_banho,6,Klaus Enxovais
lojas_de_cama_mesa_e_banho,7,Le Biscuit
lojas_de_cama_mesa_e_banho,8,Leader
lojas_de_cama_mesa_e_banho,9,Lojas Americanas
lojas_de_cama_mesa_e_banho,10,Marisa
lojas_de_cama_mesa_e_banho,11,Mmartan
lojas_de_cama_mesa_e_banho,12,Narciso
lojas_de_cama_mesa_e_banho,13,Renner
lojas_de_cama_mesa_e_banho,14,Riachuelo
lojas_de_cama_mesa_e_banho,15,Tok&Stok
lojas_de_cama_mesa_e_banho,16,Tropical
lojas_de_cama_mesa_e_banho,17,Zara Home
lojas_de_cama_mesa_e_banho,-2,Outra
lojas_de_cama_mesa_e_banho,-3,Outro 2
lojas_de_cama_mesa_e_banho,-4,Outro 3
lojas_de_cama_mesa_e_banho,-5,Outro 4
lojas_de_cama_mesa_e_banho,-6,Outro 5
lojas_de_cama_mesa_e_banho,-1,NS/NO
lojas_de_eletrodomesticos,1,Atacadão dos Eletros
lojas_de_eletrodomesticos,2,Carrefour
lojas_de_eletrodomesticos,3,Casas Bahia
lojas_de_eletrodomesticos,4,Credimóveis Novolar
lojas_de_eletrodomesticos,5,Elektra
lojas_de_eletrodomesticos,7,Exclusive Line
lojas_de_eletrodomesticos,8,Extra
lojas_de_eletrodomesticos,9,Hiper Bompreço
lojas_de_eletrodomesticos,10,Insinuante
lojas_de_eletrodomesticos,11,Lazer Eletro
lojas_de_eletrodomesticos,12,Lojas Americanas
lojas_de_eletrodomesticos,13,Lojas Guido
lojas_de_eletrodomesticos,14,Magazine Luiza
lojas_de_eletrodomesticos,15,Ponto Frio
lojas_de_eletrodomesticos,16,Ricardo Eletro
lojas_de_eletrodomesticos,18,Walmart
lojas_de_eletrodomesticos,-2,Outra
lojas_de_eletrodomesticos,-3,Outro 2
lojas_de_eletrodomesticos,-4,Outro 3
lojas_de_eletrodomesticos,-5,Outro 4
lojas_de_eletrodomesticos,-6,Outro 5
lojas_de_eletrodomesticos,-1,NS/NO
lojas_de_informatica,1,Carrefour
lojas_de_informatica,3,Gama Informática
lojas_de_informatica,4,Hiper Bompreço
lojas_de_informatica,5,HP Store
lojas_de_informatica,17,Ibyte
lojas_de_informatica,6,Info Box
lojas_de_informatica,7,Infohouse
lojas_de_informatica,8,Laser Info
lojas_de_informatica,9,LogNet
lojas_de_informatica,10,Lojas Americanas
lojas_de_informatica,11,Micro Company
lojas_de_informatica,12,Microoffice Informática
lojas_de_informatica,13,Nagem
lojas_de_informatica,14,Nave Informática
lojas_de_informatica,15,UpGrade
lojas_de_informatica,16,Vip Informática
lojas_de_informatica,18,Walmart
lojas_de_informatica,-2,Outra
lojas_de_informatica,-3,Outro 2
lojas_de_informatica,-4,Outro 3
lojas_de_informatica,-5,Outro 4
lojas_de_informatica,-6,Outro 5
lojas_de_informatica,-1,NS/NO
shopping,1,Paço Alfândega
shopping,2,Paulista NothWay
shopping,3,Plaza Casa Forte
shopping,4,Rio Mar
shopping,5,Shopping Boa Vista
shopping,6,Shopping Center Recife
shopping,7,Shopping Guararapes
shopping,8,Tacaruna
shopping,-2,Outra
shopping,-3,Outro 2
shopping,-4,Outro 3
shopping,-5,Outro 4
shopping,-6,Outro 5
shopping,-1,NS/NO
supermercados,1,Arco-Íris
supermercados,2,Assaí Atacadista
supermercados,3,Atacadão
supermercados,4,Bompreço / Hiper Bompreço
supermercados,5,Canela
supermercados,6,Carrefour
supermercados,7,Deskontão Atacado
supermercados,8,Extra
supermercados,9,Extrabom
supermercados,10,Pão de Açúcar
supermercados,11,RM Express
supermercados,12,Supermercado Kennedy
supermercados,13,Todo Dia
supermercados,14,Trevo
supermercados,18,Walmart
supermercados,-2,Outro 1
supermercados,-3,Outro 2
supermercados,-4,Outro 3
supermercados,-5,Outro 4
supermercados,-6,Outro 5
supermercados,-1,NS/NO
consumo1,1,Não temos dívidas significativas
consumo1,2,Temos pequenas dívidas, mas que estão dentro do nosso orçamento
consumo1,3,Temos dívidas que já estão sendo negociadas
consumo1,4,Temos dídivas, com contas em aberto há mais de 30 dias.
consumo1,-1,NS/NO
consumo2,1,Pagaria dívidas
consumo2,2,Guardaria/ faria uma poupança
consumo2,3,Emprestaria para alguem da família
consumo2,4,Faria compras de produtos/serviços que eu gostaria de ter
consumo2,-1,NS/NO
consumo3,1,Alimentos
consumo3,2,Calçados
consumo3,3,Automoveis
consumo3,4,Imóveis
consumo3,5,TV por assinatura
consumo3,6,Fornecedor de Internet
consumo3,7,Colégio particular
consumo3,8,Lanchonetes
consumo3,9,Óticas
consumo3,10,Bebidas
consumo3,11,Artigos de cama, mesa e banho
consumo3,12,Produtos de informática
consumo3,13,Medicamentos e artigos de farmácia
consumo3,14,Operadora de celular
consumo3,15,Serviços de Hospitais/laboratórios
consumo3,16,Planos de saúde
consumo3,17,Delicatessen
consumo3,18,Produtos de limpeza domestica
consumo3,19,Eletrodomésticos
consumo3,20,Serviços de segurança
consumo3,21,Material de construção
consumo3,22,Operatora de telefonia fixa
consumo3,23,Faculdades
consumo3,24,Bares/restaurantes/Pizzarias
consumo3,25,Joias e relógios
consumo3,26,Viagens
consumo3,-1,NS/NO
consumo4,1,Sim, mais de uma pessoa
consumo4,2,Sim, apenas uma pessoa
consumo4,3,Não
consumo4,-1,NS/NO
